Country,Product,Units Sold,Revenue,Cost,Profit,Date,Year,Profit_Margin_Pct,Revenue_per_Unit
India,Chocolate Chip,1725,8625.0,3450.0,5175.0,2019-01-11,2019,60.0,5.0
India,Chocolate Chip,2152,10760.0,4304.0,6456.0,2019-01-12,2019,60.0,5.0
India,Chocolate Chip,2349,11745.0,4698.0,7047.0,2019-01-09,2019,60.0,5.0
India,Chocolate Chip,1228,6140.0,2456.0,3684.0,2019-01-10,2019,60.0,5.0
India,Chocolate Chip,1389,6945.0,2778.0,4167.0,2019-01-10,2019,60.0,5.0
India,Chocolate Chip,1802,9010.0,3604.0,5406.0,2019-01-12,2019,60.0,5.0
India,Chocolate Chip,2299,11495.0,4598.0,6897.0,2019-01-10,2019,60.0,5.0
India,Chocolate Chip,1404,7020.0,2808.0,4212.0,2019-01-11,2019,60.0,5.0
India,Chocolate Chip,2470,12350.0,4940.0,7410.0,2019-01-09,2019,60.0,5.0
India,Chocolate Chip,1743,8715.0,3486.0,5229.0,2019-01-10,2019,60.0,5.0
India,Chocolate Chip,2222,11110.0,4444.0,6666.0,2019-01-11,2019,60.0,5.0
India,Fortune Cookie,345,345.0,69.0,276.0,2019-01-10,2019,80.0,1.0
India,Fortune Cookie,2851,2851.0,570.2,2280.8,2019-01-10,2019,80.0,1.0
India,Fortune Cookie,1283,1283.0,256.6,1026.4,2019-01-09,2019,80.0,1.0
India,Fortune Cookie,1611,1611.0,322.2,1288.8,2019-01-12,2019,80.0,1.0
India,Oatmeal Raisin,1778,8890.0,3911.6,4978.4,2019-01-12,2019,56.0,5.0
India,Oatmeal Raisin,1228,6140.0,2701.6,3438.4,2019-01-10,2019,56.0,5.0
India,Oatmeal Raisin,2761,13805.0,6074.2,7730.8,2019-01-09,2019,56.0,5.0
India,Oatmeal Raisin,1743,8715.0,3834.6,4880.4,2019-01-10,2019,56.0,5.0
India,Snickerdoodle,908,3632.0,1362.0,2270.0,2019-01-12,2019,62.5,4.0
India,Snickerdoodle,2851,11404.0,4276.5,7127.5,2019-01-10,2019,62.5,4.0
India,Snickerdoodle,2299,9196.0,3448.5,5747.5,2019-01-10,2019,62.5,4.0
India,Snickerdoodle,1560,6240.0,2340.0,3900.0,2019-01-11,2019,62.5,4.0
India,Snickerdoodle,2416,9664.0,3624.0,6040.0,2019-01-09,2019,62.5,4.0
India,Sugar,1389,4167.0,1736.25,2430.75,2019-01-10,2019,58.33,3.0
India,Sugar,2436,7308.0,3045.0,4263.0,2019-01-12,2019,58.33,3.0
India,Sugar,2935,8805.0,3668.75,5136.25,2019-01-11,2019,58.33,3.0
India,Sugar,623,1869.0,778.75,1090.25,2019-01-09,2019,58.33,3.0
India,Sugar,269,807.0,336.25,470.75,2019-01-10,2019,58.33,3.0
India,Sugar,2954,8862.0,3692.5,5169.5,2019-01-11,2019,58.33,3.0
India,White Chocolate Macadamia Nut,345,2070.0,948.75,1121.25,2019-01-10,2019,54.17,6.0
India,White Chocolate Macadamia Nut,2092,12552.0,5753.0,6799.0,2019-01-11,2019,54.17,6.0
India,White Chocolate Macadamia Nut,2646,15876.0,7276.5,8599.5,2019-01-09,2019,54.17,6.0
India,White Chocolate Macadamia Nut,1916,11496.0,5269.0,6227.0,2019-01-12,2019,54.17,6.0
India,White Chocolate Macadamia Nut,269,1614.0,739.75,874.25,2019-01-10,2019,54.17,6.0
United Kingdom,Chocolate Chip,549,2745.0,1098.0,1647.0,2019-01-09,2019,60.0,5.0
United Kingdom,Chocolate Chip,1785,8925.0,3570.0,5355.0,2019-01-11,2019,60.0,5.0
United Kingdom,Chocolate Chip,2261,11305.0,4522.0,6783.0,2019-01-12,2019,60.0,5.0
United Kingdom,Chocolate Chip,704,3520.0,1408.0,2112.0,2019-01-10,2019,60.0,5.0
United Kingdom,Chocolate Chip,2136,10680.0,4272.0,6408.0,2019-01-12,2019,60.0,5.0
United Kingdom,Chocolate Chip,1757,8785.0,3514.0,5271.0,2019-01-10,2019,60.0,5.0
United Kingdom,Chocolate Chip,1031,5155.0,2062.0,3093.0,2019-01-09,2019,60.0,5.0
United Kingdom,Chocolate Chip,2167,10835.0,4334.0,6501.0,2019-01-10,2019,60.0,5.0
United Kingdom,Chocolate Chip,1198,5990.0,2396.0,3594.0,2019-01-10,2019,60.0,5.0
United Kingdom,Chocolate Chip,1922,9610.0,3844.0,5766.0,2019-01-11,2019,60.0,5.0
United Kingdom,Fortune Cookie,1403,1403.0,280.6,1122.4,2019-01-10,2019,80.0,1.0
United Kingdom,Fortune Cookie,1757,1757.0,351.4,1405.6,2019-01-10,2019,80.0,1.0
United Kingdom,Fortune Cookie,322,322.0,64.4,257.6,2019-01-09,2019,80.0,1.0
United Kingdom,Fortune Cookie,1857,1857.0,371.4,1485.6,2019-01-11,2019,80.0,1.0
United Kingdom,Fortune Cookie,1186,1186.0,237.2,948.8,2019-01-12,2019,80.0,1.0
United Kingdom,Oatmeal Raisin,321,1605.0,706.2,898.8,2019-01-11,2019,56.0,5.0
United Kingdom,Oatmeal Raisin,1403,7015.0,3086.6,3928.4,2019-01-10,2019,56.0,5.0
United Kingdom,Oatmeal Raisin,2076,10380.0,4567.2,5812.8,2019-01-10,2019,56.0,5.0
United Kingdom,Oatmeal Raisin,306,1530.0,673.2,856.8,2019-01-12,2019,56.0,5.0
United Kingdom,Snickerdoodle,2145,8580.0,3217.5,5362.5,2019-01-11,2019,62.5,4.0
United Kingdom,Snickerdoodle,1482,5928.0,2223.0,3705.0,2019-01-12,2019,62.5,4.0
United Kingdom,Snickerdoodle,1198,4792.0,1797.0,2995.0,2019-01-10,2019,62.5,4.0
United Kingdom,Snickerdoodle,1023,4092.0,1534.5,2557.5,2019-01-09,2019,62.5,4.0
United Kingdom,Sugar,1527,4581.0,1908.75,2672.25,2019-01-09,2019,58.33,3.0
United Kingdom,Sugar,1221,3663.0,1526.25,2136.75,2019-01-10,2019,58.33,3.0
United Kingdom,Sugar,2234,6702.0,2792.5,3909.5,2019-01-09,2019,58.33,3.0
United Kingdom,Sugar,2682,8046.0,3352.5,4693.5,2019-01-11,2019,58.33,3.0
United Kingdom,Sugar,2167,6501.0,2708.75,3792.25,2019-01-10,2019,58.33,3.0
United Kingdom,Sugar,1281,3843.0,1601.25,2241.75,2019-01-12,2019,58.33,3.0
United Kingdom,White Chocolate Macadamia Nut,704,4224.0,1936.0,2288.0,2019-01-10,2019,54.17,6.0
United Kingdom,White Chocolate Macadamia Nut,1033,6198.0,2840.75,3357.25,2019-01-12,2019,54.17,6.0
United Kingdom,White Chocolate Macadamia Nut,1221,7326.0,3357.75,3968.25,2019-01-10,2019,54.17,6.0
United Kingdom,White Chocolate Macadamia Nut,2076,12456.0,5709.0,6747.0,2019-01-10,2019,54.17,6.0
United Kingdom,White Chocolate Macadamia Nut,386,2316.0,1061.5,1254.5,2019-01-11,2019,54.17,6.0
United Kingdom,White Chocolate Macadamia Nut,2805,16830.0,7713.75,9116.25,2019-01-09,2019,54.17,6.0
Philippines,Chocolate Chip,766,3830.0,1532.0,2298.0,2019-01-10,2019,60.0,5.0
Philippines,Chocolate Chip,809,4045.0,1618.0,2427.0,2019-01-10,2019,60.0,5.0
Philippines,Chocolate Chip,1945,9725.0,3890.0,5835.0,2019-01-10,2019,60.0,5.0
Philippines,Chocolate Chip,2116,10580.0,4232.0,6348.0,2019-01-12,2019,60.0,5.0
Philippines,Chocolate Chip,1123,5615.0,2246.0,3369.0,2019-01-09,2019,60.0,5.0
Philippines,Chocolate Chip,2125,10625.0,4250.0,6375.0,2019-01-12,2019,60.0,5.0
Philippines,Chocolate Chip,2409,12045.0,4818.0,7227.0,2019-01-09,2019,60.0,5.0
Philippines,Chocolate Chip,2146,10730.0,4292.0,6438.0,2019-01-11,2019,60.0,5.0
Philippines,Chocolate Chip,1775,8875.0,3550.0,5325.0,2019-01-11,2019,60.0,5.0
Philippines,Chocolate Chip,2992,14960.0,5984.0,8976.0,2019-01-10,2019,60.0,5.0
Philippines,Fortune Cookie,1797,1797.0,359.4,1437.6,2019-01-09,2019,80.0,1.0
Philippines,Fortune Cookie,1159,1159.0,231.8,927.2,2019-01-10,2019,80.0,1.0
Philippines,Fortune Cookie,2500,2500.0,500.0,2000.0,2019-01-11,2019,80.0,1.0
Philippines,Fortune Cookie,334,334.0,66.8,267.2,2019-01-12,2019,80.0,1.0
Philippines,Fortune Cookie,2992,2992.0,598.4,2393.6,2019-01-10,2019,80.0,1.0
Philippines,Oatmeal Raisin,2966,14830.0,6525.2,8304.8,2019-01-10,2019,56.0,5.0
Philippines,Oatmeal Raisin,1159,5795.0,2549.8,3245.2,2019-01-10,2019,56.0,5.0
Philippines,Oatmeal Raisin,994,4970.0,2186.8,2783.2,2019-01-09,2019,56.0,5.0
Philippines,Oatmeal Raisin,970,4850.0,2134.0,2716.0,2019-01-11,2019,56.0,5.0
Philippines,Oatmeal Raisin,1770,8850.0,3894.0,4956.0,2019-01-12,2019,56.0,5.0
Philippines,Snickerdoodle,766,3064.0,1149.0,1915.0,2019-01-10,2019,62.5,4.0
Philippines,Snickerdoodle,214,856.0,321.0,535.0,2019-01-10,2019,62.5,4.0
Philippines,Snickerdoodle,1016,4064.0,1524.0,2540.0,2019-01-11,2019,62.5,4.0
Philippines,Snickerdoodle,887,3548.0,1330.5,2217.5,2019-01-12,2019,62.5,4.0
Philippines,Snickerdoodle,442,1768.0,663.0,1105.0,2019-01-09,2019,62.5,4.0
Philippines,Sugar,214,642.0,267.5,374.5,2019-01-10,2019,58.33,3.0
Philippines,Sugar,1945,5835.0,2431.25,3403.75,2019-01-10,2019,58.33,3.0
Philippines,Sugar,2297,6891.0,2871.25,4019.75,2019-01-11,2019,58.33,3.0
Philippines,Sugar,2215,6645.0,2768.75,3876.25,2019-01-09,2019,58.33,3.0
Philippines,Sugar,1870,5610.0,2337.5,3272.5,2019-01-12,2019,58.33,3.0
Philippines,White Chocolate Macadamia Nut,2966,17796.0,8156.5,9639.5,2019-01-10,2019,54.17,6.0
Philippines,White Chocolate Macadamia Nut,809,4854.0,2224.75,2629.25,2019-01-10,2019,54.17,6.0
Philippines,White Chocolate Macadamia Nut,588,3528.0,1617.0,1911.0,2019-01-12,2019,54.17,6.0
Philippines,White Chocolate Macadamia Nut,660,3960.0,1815.0,2145.0,2019-01-09,2019,54.17,6.0
Philippines,White Chocolate Macadamia Nut,2536,15216.0,6974.0,8242.0,2019-01-11,2019,54.17,6.0
Malaysia,Chocolate Chip,788,3940.0,1576.0,2364.0,2019-01-09,2019,60.0,5.0
Malaysia,Chocolate Chip,2145,10725.0,4290.0,6435.0,2019-01-10,2019,60.0,5.0
Malaysia,Chocolate Chip,1760,8800.0,3520.0,5280.0,2019-01-09,2019,60.0,5.0
Malaysia,Chocolate Chip,1514,7570.0,3028.0,4542.0,2019-01-10,2019,60.0,5.0
Malaysia,Chocolate Chip,2763,13815.0,5526.0,8289.0,2019-01-11,2019,60.0,5.0
Malaysia,Chocolate Chip,1946,9730.0,3892.0,5838.0,2019-01-12,2019,60.0,5.0
Malaysia,Chocolate Chip,367,1835.0,734.0,1101.0,2019-01-10,2019,60.0,5.0
Malaysia,Chocolate Chip,1715,8575.0,3430.0,5145.0,2019-01-10,2019,60.0,5.0
Malaysia,Chocolate Chip,380,1900.0,760.0,1140.0,2019-01-12,2019,60.0,5.0
Malaysia,Chocolate Chip,2151,10755.0,4302.0,6453.0,2019-01-11,2019,60.0,5.0
Malaysia,Fortune Cookie,1660,1660.0,332.0,1328.0,2019-01-11,2019,80.0,1.0
Malaysia,Fortune Cookie,720,720.0,144.0,576.0,2019-01-09,2019,80.0,1.0
Malaysia,Fortune Cookie,1100,1100.0,220.0,880.0,2019-01-12,2019,80.0,1.0
Malaysia,Fortune Cookie,1715,1715.0,343.0,1372.0,2019-01-10,2019,80.0,1.0
Malaysia,Fortune Cookie,1727,1727.0,345.4,1381.6,2019-01-10,2019,80.0,1.0
Malaysia,Oatmeal Raisin,1375,6875.0,3025.0,3850.0,2019-01-12,2019,56.0,5.0
Malaysia,Oatmeal Raisin,947,4735.0,2083.4,2651.6,2019-01-09,2019,56.0,5.0
Malaysia,Oatmeal Raisin,344,1720.0,756.8,963.2,2019-01-10,2019,56.0,5.0
Malaysia,Oatmeal Raisin,1727,8635.0,3799.4,4835.6,2019-01-10,2019,56.0,5.0
Malaysia,Oatmeal Raisin,1870,9350.0,4114.0,5236.0,2019-01-11,2019,56.0,5.0
Malaysia,Snickerdoodle,494,1976.0,741.0,1235.0,2019-01-10,2019,62.5,4.0
Malaysia,Snickerdoodle,1834,7336.0,2751.0,4585.0,2019-01-09,2019,62.5,4.0
Malaysia,Snickerdoodle,367,1468.0,550.5,917.5,2019-01-10,2019,62.5,4.0
Malaysia,Snickerdoodle,2706,10824.0,4059.0,6765.0,2019-01-11,2019,62.5,4.0
Malaysia,Snickerdoodle,2821,11284.0,4231.5,7052.5,2019-01-12,2019,62.5,4.0
Malaysia,Sugar,494,1482.0,617.5,864.5,2019-01-10,2019,58.33,3.0
Malaysia,Sugar,1940,5820.0,2425.0,3395.0,2019-01-12,2019,58.33,3.0
Malaysia,Sugar,1514,4542.0,1892.5,2649.5,2019-01-10,2019,58.33,3.0
Malaysia,Sugar,1123,3369.0,1403.75,1965.25,2019-01-11,2019,58.33,3.0
Malaysia,Sugar,1005,3015.0,1256.25,1758.75,2019-01-09,2019,58.33,3.0
Malaysia,White Chocolate Macadamia Nut,2145,12870.0,5898.75,6971.25,2019-01-10,2019,54.17,6.0
Malaysia,White Chocolate Macadamia Nut,544,3264.0,1496.0,1768.0,2019-01-12,2019,54.17,6.0
Malaysia,White Chocolate Macadamia Nut,655,3930.0,1801.25,2128.75,2019-01-09,2019,54.17,6.0
Malaysia,White Chocolate Macadamia Nut,344,2064.0,946.0,1118.0,2019-01-10,2019,54.17,6.0
Malaysia,White Chocolate Macadamia Nut,2605,15630.0,7163.75,8466.25,2019-01-11,2019,54.17,6.0
United States,Chocolate Chip,912,4560.0,1824.0,2736.0,2019-01-11,2019,60.0,5.0
United States,Chocolate Chip,1925,9625.0,3850.0,5775.0,2019-01-12,2019,60.0,5.0
United States,Chocolate Chip,2013,10065.0,4026.0,6039.0,2019-01-12,2019,60.0,5.0
United States,Chocolate Chip,671,3355.0,1342.0,2013.0,2019-01-10,2019,60.0,5.0
United States,Chocolate Chip,727,3635.0,1454.0,2181.0,2019-01-10,2019,60.0,5.0
United States,Chocolate Chip,2931,14655.0,5862.0,8793.0,2019-01-09,2019,60.0,5.0
United States,Chocolate Chip,386,1930.0,772.0,1158.0,2019-01-10,2019,60.0,5.0
United States,Chocolate Chip,380,1900.0,760.0,1140.0,2019-01-09,2019,60.0,5.0
United States,Chocolate Chip,267,1335.0,534.0,801.0,2019-01-10,2019,60.0,5.0
United States,Chocolate Chip,2007,10035.0,4014.0,6021.0,2019-01-11,2019,60.0,5.0
United States,Fortune Cookie,2498,2498.0,499.6,1998.4,2019-01-09,2019,80.0,1.0
United States,Fortune Cookie,663,663.0,132.6,530.4,2019-01-10,2019,80.0,1.0
United States,Fortune Cookie,1804,1804.0,360.8,1443.2,2019-01-11,2019,80.0,1.0
United States,Fortune Cookie,2996,2996.0,599.2,2396.8,2019-01-10,2019,80.0,1.0
United States,Oatmeal Raisin,1989,9945.0,4375.8,5569.2,2019-01-09,2019,56.0,5.0
United States,Oatmeal Raisin,671,3355.0,1476.2,1878.8,2019-01-10,2019,56.0,5.0
United States,Oatmeal Raisin,727,3635.0,1599.4,2035.6,2019-01-10,2019,56.0,5.0
United States,Oatmeal Raisin,2548,12740.0,5605.6,7134.4,2019-01-11,2019,56.0,5.0
United States,Oatmeal Raisin,2015,10075.0,4433.0,5642.0,2019-01-12,2019,56.0,5.0
United States,Snickerdoodle,330,1320.0,495.0,825.0,2019-01-09,2019,62.5,4.0
United States,Snickerdoodle,263,1052.0,394.5,657.5,2019-01-11,2019,62.5,4.0
United States,Snickerdoodle,386,1544.0,579.0,965.0,2019-01-10,2019,62.5,4.0
United States,Snickerdoodle,2996,11984.0,4494.0,7490.0,2019-01-10,2019,62.5,4.0
United States,Sugar,266,798.0,332.5,465.5,2019-01-12,2019,58.33,3.0
United States,Sugar,349,1047.0,436.25,610.75,2019-01-09,2019,58.33,3.0
United States,Sugar,1265,3795.0,1581.25,2213.75,2019-01-11,2019,58.33,3.0
United States,Sugar,808,2424.0,1010.0,1414.0,2019-01-12,2019,58.33,3.0
United States,Sugar,2294,6882.0,2867.5,4014.5,2019-01-10,2019,58.33,3.0
United States,Sugar,267,801.0,333.75,467.25,2019-01-10,2019,58.33,3.0
United States,White Chocolate Macadamia Nut,663,3978.0,1823.25,2154.75,2019-01-10,2019,54.17,6.0
United States,White Chocolate Macadamia Nut,736,4416.0,2024.0,2392.0,2019-01-09,2019,54.17,6.0
United States,White Chocolate Macadamia Nut,1421,8526.0,3907.75,4618.25,2019-01-12,2019,54.17,6.0
United States,White Chocolate Macadamia Nut,2294,13764.0,6308.5,7455.5,2019-01-10,2019,54.17,6.0
United States,White Chocolate Macadamia Nut,2574,15444.0,7078.5,8365.5,2019-01-11,2019,54.17,6.0
United States,White Chocolate Macadamia Nut,2438,14628.0,6704.5,7923.5,2019-01-12,2019,54.17,6.0
India,Chocolate Chip,292,1460.0,584.0,876.0,2020-01-02,2020,60.0,5.0
India,Chocolate Chip,2518,12590.0,5036.0,7554.0,2020-01-06,2020,60.0,5.0
India,Chocolate Chip,1817,9085.0,3634.0,5451.0,2020-01-12,2020,60.0,5.0
India,Chocolate Chip,2363,11815.0,4726.0,7089.0,2020-01-02,2020,60.0,5.0
India,Chocolate Chip,1295,6475.0,2590.0,3885.0,2020-01-10,2020,60.0,5.0
India,Chocolate Chip,1916,9580.0,3832.0,5748.0,2020-01-12,2020,60.0,5.0
India,Chocolate Chip,2852,14260.0,5704.0,8556.0,2020-01-12,2020,60.0,5.0
India,Chocolate Chip,2729,13645.0,5458.0,8187.0,2020-01-12,2020,60.0,5.0
India,Chocolate Chip,1774,8870.0,3548.0,5322.0,2020-01-03,2020,60.0,5.0
India,Chocolate Chip,2009,10045.0,4018.0,6027.0,2020-01-10,2020,60.0,5.0
India,Chocolate Chip,4251,21255.0,8502.0,12753.0,2020-01-01,2020,60.0,5.0
India,Chocolate Chip,218,1090.0,436.0,654.0,2020-01-09,2020,60.0,5.0
India,Chocolate Chip,2074,10370.0,4148.0,6222.0,2020-01-09,2020,60.0,5.0
India,Chocolate Chip,2431,12155.0,4862.0,7293.0,2020-01-12,2020,60.0,5.0
India,Chocolate Chip,1702,8510.0,3404.0,5106.0,2020-01-05,2020,60.0,5.0
India,Chocolate Chip,257,1285.0,514.0,771.0,2020-01-05,2020,60.0,5.0
India,Chocolate Chip,1094,5470.0,2188.0,3282.0,2020-01-06,2020,60.0,5.0
India,Chocolate Chip,873,4365.0,1746.0,2619.0,2020-01-01,2020,60.0,5.0
India,Chocolate Chip,2105,10525.0,4210.0,6315.0,2020-01-07,2020,60.0,5.0
India,Chocolate Chip,4026,20130.0,8052.0,12078.0,2020-01-07,2020,60.0,5.0
India,Chocolate Chip,2394,11970.0,4788.0,7182.0,2020-01-08,2020,60.0,5.0
India,Chocolate Chip,1366,6830.0,2732.0,4098.0,2020-01-11,2020,60.0,5.0
India,Chocolate Chip,2632,13160.0,5264.0,7896.0,2020-01-06,2020,60.0,5.0
India,Chocolate Chip,1583,7915.0,3166.0,4749.0,2020-01-06,2020,60.0,5.0
India,Chocolate Chip,1565,7825.0,3130.0,4695.0,2020-01-10,2020,60.0,5.0
India,Chocolate Chip,1249,6245.0,2498.0,3747.0,2020-01-10,2020,60.0,5.0
India,Chocolate Chip,2428,12140.0,4856.0,7284.0,2020-01-03,2020,60.0,5.0
India,Chocolate Chip,700,3500.0,1400.0,2100.0,2020-01-11,2020,60.0,5.0
India,Chocolate Chip,1614,8070.0,3228.0,4842.0,2020-01-04,2020,60.0,5.0
India,Chocolate Chip,2559,12795.0,5118.0,7677.0,2020-01-08,2020,60.0,5.0
India,Chocolate Chip,723,3615.0,1446.0,2169.0,2020-01-04,2020,60.0,5.0
India,Fortune Cookie,2518,2518.0,503.6,2014.4,2020-01-06,2020,80.0,1.0
India,Fortune Cookie,2666,2666.0,533.2,2132.8,2020-01-07,2020,80.0,1.0
India,Fortune Cookie,1830,1830.0,366.0,1464.0,2020-01-08,2020,80.0,1.0
India,Fortune Cookie,1967,1967.0,393.4,1573.6,2020-01-03,2020,80.0,1.0
India,Fortune Cookie,488,488.0,97.6,390.4,2020-01-02,2020,80.0,1.0
India,Fortune Cookie,708,708.0,141.6,566.4,2020-01-06,2020,80.0,1.0
India,Fortune Cookie,3803,3803.0,760.6,3042.4,2020-01-04,2020,80.0,1.0
India,Fortune Cookie,2321,2321.0,464.2,1856.8,2020-01-11,2020,80.0,1.0
India,Fortune Cookie,2734,2734.0,546.8,2187.2,2020-01-10,2020,80.0,1.0
India,Fortune Cookie,1249,1249.0,249.8,999.2,2020-01-10,2020,80.0,1.0
India,Fortune Cookie,2228,2228.0,445.6,1782.4,2020-01-01,2020,80.0,1.0
India,Fortune Cookie,200,200.0,40.0,160.0,2020-01-05,2020,80.0,1.0
India,Fortune Cookie,388,388.0,77.6,310.4,2020-01-09,2020,80.0,1.0
India,Fortune Cookie,2300,2300.0,460.0,1840.0,2020-01-12,2020,80.0,1.0
India,Oatmeal Raisin,1916,9580.0,4215.2,5364.8,2020-01-12,2020,56.0,5.0
India,Oatmeal Raisin,552,2760.0,1214.4,1545.6,2020-01-08,2020,56.0,5.0
India,Oatmeal Raisin,1135,5675.0,2497.0,3178.0,2020-01-06,2020,56.0,5.0
India,Oatmeal Raisin,1645,8225.0,3619.0,4606.0,2020-01-05,2020,56.0,5.0
India,Oatmeal Raisin,1118,5590.0,2459.6,3130.4,2020-01-11,2020,56.0,5.0
India,Oatmeal Raisin,708,3540.0,1557.6,1982.4,2020-01-06,2020,56.0,5.0
India,Oatmeal Raisin,1269,6345.0,2791.8,3553.2,2020-01-10,2020,56.0,5.0
India,Oatmeal Raisin,1631,8155.0,3588.2,4566.8,2020-01-07,2020,56.0,5.0
India,Oatmeal Raisin,2240,11200.0,4928.0,6272.0,2020-01-02,2020,56.0,5.0
India,Oatmeal Raisin,3521,17605.0,7746.2,9858.8,2020-01-04,2020,56.0,5.0
India,Oatmeal Raisin,707,3535.0,1555.4,1979.6,2020-01-09,2020,56.0,5.0
India,Oatmeal Raisin,2734,13670.0,6014.8,7655.2,2020-01-10,2020,56.0,5.0
India,Oatmeal Raisin,1659,8295.0,3649.8,4645.2,2020-01-01,2020,56.0,5.0
India,Oatmeal Raisin,888,4440.0,1953.6,2486.4,2020-01-03,2020,56.0,5.0
India,Snickerdoodle,1619,6476.0,2428.5,4047.5,2020-01-01,2020,62.5,4.0
India,Snickerdoodle,1445,5780.0,2167.5,3612.5,2020-01-09,2020,62.5,4.0
India,Snickerdoodle,743,2972.0,1114.5,1857.5,2020-01-04,2020,62.5,4.0
India,Snickerdoodle,1295,5180.0,1942.5,3237.5,2020-01-10,2020,62.5,4.0
India,Snickerdoodle,2852,11408.0,4278.0,7130.0,2020-01-12,2020,62.5,4.0
India,Snickerdoodle,831,3324.0,1246.5,2077.5,2020-01-05,2020,62.5,4.0
India,Snickerdoodle,2844,11376.0,4266.0,7110.0,2020-01-06,2020,62.5,4.0
India,Snickerdoodle,1884,7536.0,2826.0,4710.0,2020-01-08,2020,62.5,4.0
India,Snickerdoodle,1094,4376.0,1641.0,2735.0,2020-01-06,2020,62.5,4.0
India,Snickerdoodle,819,3276.0,1228.5,2047.5,2020-01-07,2020,62.5,4.0
India,Snickerdoodle,1937,7748.0,2905.5,4842.5,2020-01-02,2020,62.5,4.0
India,Snickerdoodle,2689,10756.0,4033.5,6722.5,2020-01-11,2020,62.5,4.0
India,Snickerdoodle,923,3692.0,1384.5,2307.5,2020-01-03,2020,62.5,4.0
India,Snickerdoodle,1496,5984.0,2244.0,3740.0,2020-01-10,2020,62.5,4.0
India,Snickerdoodle,2300,9200.0,3450.0,5750.0,2020-01-12,2020,62.5,4.0
India,Sugar,2001,6003.0,2501.25,3501.75,2020-01-02,2020,58.33,3.0
India,Sugar,1817,5451.0,2271.25,3179.75,2020-01-12,2020,58.33,3.0
India,Sugar,1326,3978.0,1657.5,2320.5,2020-01-03,2020,58.33,3.0
India,Sugar,944,2832.0,1180.0,1652.0,2020-01-04,2020,58.33,3.0
India,Sugar,2729,8187.0,3411.25,4775.75,2020-01-12,2020,58.33,3.0
India,Sugar,1874,5622.0,2342.5,3279.5,2020-01-08,2020,58.33,3.0
India,Sugar,2844,8532.0,3555.0,4977.0,2020-01-06,2020,58.33,3.0
India,Sugar,1582,4746.0,1977.5,2768.5,2020-01-12,2020,58.33,3.0
India,Sugar,3245,9735.0,4056.25,5678.75,2020-01-01,2020,58.33,3.0
India,Sugar,2134,6402.0,2667.5,3734.5,2020-01-09,2020,58.33,3.0
India,Sugar,2529,7587.0,3161.25,4425.75,2020-01-11,2020,58.33,3.0
India,Sugar,2109,6327.0,2636.25,3690.75,2020-01-05,2020,58.33,3.0
India,Sugar,1583,4749.0,1978.75,2770.25,2020-01-06,2020,58.33,3.0
India,Sugar,1565,4695.0,1956.25,2738.75,2020-01-10,2020,58.33,3.0
India,Sugar,1496,4488.0,1870.0,2618.0,2020-01-10,2020,58.33,3.0
India,Sugar,866,2598.0,1082.5,1515.5,2020-01-07,2020,58.33,3.0
India,White Chocolate Macadamia Nut,923,5538.0,2538.25,2999.75,2020-01-08,2020,54.17,6.0
India,White Chocolate Macadamia Nut,2009,12054.0,5524.75,6529.25,2020-01-10,2020,54.17,6.0
India,White Chocolate Macadamia Nut,3851,23106.0,10590.25,12515.75,2020-01-04,2020,54.17,6.0
India,White Chocolate Macadamia Nut,2431,14586.0,6685.25,7900.75,2020-01-12,2020,54.17,6.0
India,White Chocolate Macadamia Nut,952,5712.0,2618.0,3094.0,2020-01-02,2020,54.17,6.0
India,White Chocolate Macadamia Nut,1262,7572.0,3470.5,4101.5,2020-01-05,2020,54.17,6.0
India,White Chocolate Macadamia Nut,1135,6810.0,3121.25,3688.75,2020-01-06,2020,54.17,6.0
India,White Chocolate Macadamia Nut,1582,9492.0,4350.5,5141.5,2020-01-12,2020,54.17,6.0
India,White Chocolate Macadamia Nut,598,3588.0,1644.5,1943.5,2020-01-03,2020,54.17,6.0
India,White Chocolate Macadamia Nut,3794,22764.0,10433.5,12330.5,2020-01-07,2020,54.17,6.0
India,White Chocolate Macadamia Nut,567,3402.0,1559.25,1842.75,2020-01-09,2020,54.17,6.0
India,White Chocolate Macadamia Nut,1269,7614.0,3489.75,4124.25,2020-01-10,2020,54.17,6.0
India,White Chocolate Macadamia Nut,384,2304.0,1056.0,1248.0,2020-01-01,2020,54.17,6.0
India,White Chocolate Macadamia Nut,1808,10848.0,4972.0,5876.0,2020-01-11,2020,54.17,6.0
India,White Chocolate Macadamia Nut,2632,15792.0,7238.0,8554.0,2020-01-06,2020,54.17,6.0
United Kingdom,Chocolate Chip,3945,19725.0,7890.0,11835.0,2020-01-01,2020,60.0,5.0
United Kingdom,Chocolate Chip,2296,11480.0,4592.0,6888.0,2020-01-02,2020,60.0,5.0
United Kingdom,Chocolate Chip,1030,5150.0,2060.0,3090.0,2020-01-05,2020,60.0,5.0
United Kingdom,Chocolate Chip,787,3935.0,1574.0,2361.0,2020-01-06,2020,60.0,5.0
United Kingdom,Chocolate Chip,2155,10775.0,4310.0,6465.0,2020-01-12,2020,60.0,5.0
United Kingdom,Chocolate Chip,918,4590.0,1836.0,2754.0,2020-01-05,2020,60.0,5.0
United Kingdom,Chocolate Chip,1055,5275.0,2110.0,3165.0,2020-01-12,2020,60.0,5.0
United Kingdom,Chocolate Chip,2435,12175.0,4870.0,7305.0,2020-01-01,2020,60.0,5.0
United Kingdom,Chocolate Chip,1901,9505.0,3802.0,5703.0,2020-01-06,2020,60.0,5.0
United Kingdom,Chocolate Chip,1287,6435.0,2574.0,3861.0,2020-01-12,2020,60.0,5.0
United Kingdom,Chocolate Chip,2988,14940.0,5976.0,8964.0,2020-01-07,2020,60.0,5.0
United Kingdom,Chocolate Chip,1303,6515.0,2606.0,3909.0,2020-01-02,2020,60.0,5.0
United Kingdom,Chocolate Chip,2385,11925.0,4770.0,7155.0,2020-01-03,2020,60.0,5.0
United Kingdom,Chocolate Chip,2620,13100.0,5240.0,7860.0,2020-01-09,2020,60.0,5.0
United Kingdom,Chocolate Chip,3801,19005.0,7602.0,11403.0,2020-01-04,2020,60.0,5.0
United Kingdom,Chocolate Chip,1496,7480.0,2992.0,4488.0,2020-01-06,2020,60.0,5.0
United Kingdom,Chocolate Chip,448,2240.0,896.0,1344.0,2020-01-06,2020,60.0,5.0
United Kingdom,Chocolate Chip,2101,10505.0,4202.0,6303.0,2020-01-08,2020,60.0,5.0
United Kingdom,Chocolate Chip,1535,7675.0,3070.0,4605.0,2020-01-09,2020,60.0,5.0
United Kingdom,Chocolate Chip,1227,6135.0,2454.0,3681.0,2020-01-10,2020,60.0,5.0
United Kingdom,Chocolate Chip,1324,6620.0,2648.0,3972.0,2020-01-11,2020,60.0,5.0
United Kingdom,Chocolate Chip,1954,9770.0,3908.0,5862.0,2020-01-03,2020,60.0,5.0
United Kingdom,Chocolate Chip,2532,12660.0,5064.0,7596.0,2020-01-04,2020,60.0,5.0
United Kingdom,Chocolate Chip,2426,12130.0,4852.0,7278.0,2020-01-07,2020,60.0,5.0
United Kingdom,Chocolate Chip,2441,12205.0,4882.0,7323.0,2020-01-10,2020,60.0,5.0
United Kingdom,Chocolate Chip,1594,7970.0,3188.0,4782.0,2020-01-11,2020,60.0,5.0
United Kingdom,Chocolate Chip,2696,13480.0,5392.0,8088.0,2020-01-08,2020,60.0,5.0
United Kingdom,Chocolate Chip,1393,6965.0,2786.0,4179.0,2020-01-10,2020,60.0,5.0
United Kingdom,Chocolate Chip,1731,8655.0,3462.0,5193.0,2020-01-10,2020,60.0,5.0
United Kingdom,Chocolate Chip,293,1465.0,586.0,879.0,2020-01-12,2020,60.0,5.0
United Kingdom,Fortune Cookie,1899,1899.0,379.8,1519.2,2020-01-06,2020,80.0,1.0
United Kingdom,Fortune Cookie,1376,1376.0,275.2,1100.8,2020-01-07,2020,80.0,1.0
United Kingdom,Fortune Cookie,1901,1901.0,380.2,1520.8,2020-01-06,2020,80.0,1.0
United Kingdom,Fortune Cookie,544,544.0,108.8,435.2,2020-01-09,2020,80.0,1.0
United Kingdom,Fortune Cookie,1287,1287.0,257.4,1029.6,2020-01-12,2020,80.0,1.0
United Kingdom,Fortune Cookie,1385,1385.0,277.0,1108.0,2020-01-01,2020,80.0,1.0
United Kingdom,Fortune Cookie,2342,2342.0,468.4,1873.6,2020-01-11,2020,80.0,1.0
United Kingdom,Fortune Cookie,1976,1976.0,395.2,1580.8,2020-01-10,2020,80.0,1.0
United Kingdom,Fortune Cookie,2181,2181.0,436.2,1744.8,2020-01-10,2020,80.0,1.0
United Kingdom,Fortune Cookie,2501,2501.0,500.2,2000.8,2020-01-03,2020,80.0,1.0
United Kingdom,Fortune Cookie,1562,1562.0,312.4,1249.6,2020-01-08,2020,80.0,1.0
United Kingdom,Fortune Cookie,1666,1666.0,333.2,1332.8,2020-01-05,2020,80.0,1.0
United Kingdom,Fortune Cookie,2072,2072.0,414.4,1657.6,2020-01-12,2020,80.0,1.0
United Kingdom,Fortune Cookie,1773,1773.0,354.6,1418.4,2020-01-04,2020,80.0,1.0
United Kingdom,Fortune Cookie,293,293.0,58.6,234.4,2020-01-02,2020,80.0,1.0
United Kingdom,Oatmeal Raisin,2750,13750.0,6050.0,7700.0,2020-01-02,2020,56.0,5.0
United Kingdom,Oatmeal Raisin,1899,9495.0,4177.8,5317.2,2020-01-06,2020,56.0,5.0
United Kingdom,Oatmeal Raisin,941,4705.0,2070.2,2634.8,2020-01-11,2020,56.0,5.0
United Kingdom,Oatmeal Raisin,1988,9940.0,4373.6,5566.4,2020-01-01,2020,56.0,5.0
United Kingdom,Oatmeal Raisin,2876,14380.0,6327.2,8052.8,2020-01-09,2020,56.0,5.0
United Kingdom,Oatmeal Raisin,2072,10360.0,4558.4,5801.6,2020-01-12,2020,56.0,5.0
United Kingdom,Oatmeal Raisin,853,4265.0,1876.6,2388.4,2020-01-12,2020,56.0,5.0
United Kingdom,Oatmeal Raisin,1433,7165.0,3152.6,4012.4,2020-01-05,2020,56.0,5.0
United Kingdom,Oatmeal Raisin,3422,17110.0,7528.4,9581.6,2020-01-07,2020,56.0,5.0
United Kingdom,Oatmeal Raisin,1190,5950.0,2618.0,3332.0,2020-01-06,2020,56.0,5.0
United Kingdom,Oatmeal Raisin,1393,6965.0,3064.6,3900.4,2020-01-10,2020,56.0,5.0
United Kingdom,Oatmeal Raisin,2475,12375.0,5445.0,6930.0,2020-01-08,2020,56.0,5.0
United Kingdom,Oatmeal Raisin,1731,8655.0,3808.2,4846.8,2020-01-10,2020,56.0,5.0
United Kingdom,Oatmeal Raisin,2475,12375.0,5445.0,6930.0,2020-01-03,2020,56.0,5.0
United Kingdom,Snickerdoodle,2178,8712.0,3267.0,5445.0,2020-01-06,2020,62.5,4.0
United Kingdom,Snickerdoodle,2671,10684.0,4006.5,6677.5,2020-01-09,2020,62.5,4.0
United Kingdom,Snickerdoodle,2155,8620.0,3232.5,5387.5,2020-01-12,2020,62.5,4.0
United Kingdom,Snickerdoodle,4244,16976.0,6366.0,10610.0,2020-01-04,2020,62.5,4.0
United Kingdom,Snickerdoodle,1865,7460.0,2797.5,4662.5,2020-01-02,2020,62.5,4.0
United Kingdom,Snickerdoodle,1563,6252.0,2344.5,3907.5,2020-01-05,2020,62.5,4.0
United Kingdom,Snickerdoodle,2487,9948.0,3730.5,6217.5,2020-01-12,2020,62.5,4.0
United Kingdom,Snickerdoodle,448,1792.0,672.0,1120.0,2020-01-06,2020,62.5,4.0
United Kingdom,Snickerdoodle,2181,8724.0,3271.5,5452.5,2020-01-10,2020,62.5,4.0
United Kingdom,Snickerdoodle,490,1960.0,735.0,1225.0,2020-01-11,2020,62.5,4.0
United Kingdom,Snickerdoodle,2441,9764.0,3661.5,6102.5,2020-01-10,2020,62.5,4.0
United Kingdom,Snickerdoodle,2522,10088.0,3783.0,6305.0,2020-01-01,2020,62.5,4.0
United Kingdom,Snickerdoodle,1790,7160.0,2685.0,4475.0,2020-01-03,2020,62.5,4.0
United Kingdom,Snickerdoodle,1174,4696.0,1761.0,2935.0,2020-01-08,2020,62.5,4.0
United Kingdom,Sugar,2178,6534.0,2722.5,3811.5,2020-01-06,2020,58.33,3.0
United Kingdom,Sugar,2151,6453.0,2688.75,3764.25,2020-01-09,2020,58.33,3.0
United Kingdom,Sugar,787,2361.0,983.75,1377.25,2020-01-06,2020,58.33,3.0
United Kingdom,Sugar,1744,5232.0,2180.0,3052.0,2020-01-11,2020,58.33,3.0
United Kingdom,Sugar,866,2598.0,1082.5,1515.5,2020-01-05,2020,58.33,3.0
United Kingdom,Sugar,2177,6531.0,2721.25,3809.75,2020-01-10,2020,58.33,3.0
United Kingdom,Sugar,2487,7461.0,3108.75,4352.25,2020-01-12,2020,58.33,3.0
United Kingdom,Sugar,1739,5217.0,2173.75,3043.25,2020-01-04,2020,58.33,3.0
United Kingdom,Sugar,959,2877.0,1198.75,1678.25,2020-01-02,2020,58.33,3.0
United Kingdom,Sugar,575,1725.0,718.75,1006.25,2020-01-04,2020,58.33,3.0
United Kingdom,Sugar,381,1143.0,476.25,666.75,2020-01-08,2020,58.33,3.0
United Kingdom,Sugar,1227,3681.0,1533.75,2147.25,2020-01-10,2020,58.33,3.0
United Kingdom,Sugar,1734,5202.0,2167.5,3034.5,2020-01-01,2020,58.33,3.0
United Kingdom,Sugar,3875,11625.0,4843.75,6781.25,2020-01-07,2020,58.33,3.0
United Kingdom,Sugar,1491,4473.0,1863.75,2609.25,2020-01-03,2020,58.33,3.0
United Kingdom,Sugar,293,879.0,366.25,512.75,2020-01-12,2020,58.33,3.0
United Kingdom,White Chocolate Macadamia Nut,1804,10824.0,4961.0,5863.0,2020-01-02,2020,54.17,6.0
United Kingdom,White Chocolate Macadamia Nut,639,3834.0,1757.25,2076.75,2020-01-11,2020,54.17,6.0
United Kingdom,White Chocolate Macadamia Nut,3864,23184.0,10626.0,12558.0,2020-01-04,2020,54.17,6.0
United Kingdom,White Chocolate Macadamia Nut,1055,6330.0,2901.25,3428.75,2020-01-12,2020,54.17,6.0
United Kingdom,White Chocolate Macadamia Nut,2177,13062.0,5986.75,7075.25,2020-01-10,2020,54.17,6.0
United Kingdom,White Chocolate Macadamia Nut,1579,9474.0,4342.25,5131.75,2020-01-08,2020,54.17,6.0
United Kingdom,White Chocolate Macadamia Nut,1496,8976.0,4114.0,4862.0,2020-01-06,2020,54.17,6.0
United Kingdom,White Chocolate Macadamia Nut,1659,9954.0,4562.25,5391.75,2020-01-07,2020,54.17,6.0
United Kingdom,White Chocolate Macadamia Nut,1976,11856.0,5434.0,6422.0,2020-01-10,2020,54.17,6.0
United Kingdom,White Chocolate Macadamia Nut,1967,11802.0,5409.25,6392.75,2020-01-03,2020,54.17,6.0
United Kingdom,White Chocolate Macadamia Nut,639,3834.0,1757.25,2076.75,2020-01-07,2020,54.17,6.0
United Kingdom,White Chocolate Macadamia Nut,853,5118.0,2345.75,2772.25,2020-01-12,2020,54.17,6.0
United Kingdom,White Chocolate Macadamia Nut,3998,23988.0,10994.5,12993.5,2020-01-01,2020,54.17,6.0
United Kingdom,White Chocolate Macadamia Nut,1190,7140.0,3272.5,3867.5,2020-01-06,2020,54.17,6.0
United Kingdom,White Chocolate Macadamia Nut,2826,16956.0,7771.5,9184.5,2020-01-05,2020,54.17,6.0
United Kingdom,White Chocolate Macadamia Nut,663,3978.0,1823.25,2154.75,2020-01-09,2020,54.17,6.0
Philippines,Chocolate Chip,1006,5030.0,2012.0,3018.0,2020-01-06,2020,60.0,5.0
Philippines,Chocolate Chip,367,1835.0,734.0,1101.0,2020-01-07,2020,60.0,5.0
Philippines,Chocolate Chip,1513,7565.0,3026.0,4539.0,2020-01-12,2020,60.0,5.0
Philippines,Chocolate Chip,747,3735.0,1494.0,2241.0,2020-01-09,2020,60.0,5.0
Philippines,Chocolate Chip,1728,8640.0,3456.0,5184.0,2020-01-05,2020,60.0,5.0
Philippines,Chocolate Chip,689,3445.0,1378.0,2067.0,2020-01-06,2020,60.0,5.0
Philippines,Chocolate Chip,1570,7850.0,3140.0,4710.0,2020-01-06,2020,60.0,5.0
Philippines,Chocolate Chip,1706,8530.0,3412.0,5118.0,2020-01-12,2020,60.0,5.0
Philippines,Chocolate Chip,795,3975.0,1590.0,2385.0,2020-01-03,2020,60.0,5.0
Philippines,Chocolate Chip,1415,7075.0,2830.0,4245.0,2020-01-04,2020,60.0,5.0
Philippines,Chocolate Chip,1372,6860.0,2744.0,4116.0,2020-01-01,2020,60.0,5.0
Philippines,Chocolate Chip,1743,8715.0,3486.0,5229.0,2020-01-08,2020,60.0,5.0
Philippines,Chocolate Chip,3513,17565.0,7026.0,10539.0,2020-01-07,2020,60.0,5.0
Philippines,Chocolate Chip,1259,6295.0,2518.0,3777.0,2020-01-04,2020,60.0,5.0
Philippines,Chocolate Chip,1095,5475.0,2190.0,3285.0,2020-01-05,2020,60.0,5.0
Philippines,Chocolate Chip,1366,6830.0,2732.0,4098.0,2020-01-06,2020,60.0,5.0
Philippines,Chocolate Chip,1598,7990.0,3196.0,4794.0,2020-01-08,2020,60.0,5.0
Philippines,Chocolate Chip,1934,9670.0,3868.0,5802.0,2020-01-09,2020,60.0,5.0
Philippines,Chocolate Chip,360,1800.0,720.0,1080.0,2020-01-10,2020,60.0,5.0
Philippines,Chocolate Chip,241,1205.0,482.0,723.0,2020-01-10,2020,60.0,5.0
Philippines,Chocolate Chip,1359,6795.0,2718.0,4077.0,2020-01-11,2020,60.0,5.0
Philippines,Chocolate Chip,1531,7655.0,3062.0,4593.0,2020-01-12,2020,60.0,5.0
Philippines,Chocolate Chip,807,4035.0,1614.0,2421.0,2020-01-01,2020,60.0,5.0
Philippines,Chocolate Chip,2708,13540.0,5416.0,8124.0,2020-01-02,2020,60.0,5.0
Philippines,Chocolate Chip,357,1785.0,714.0,1071.0,2020-01-11,2020,60.0,5.0
Philippines,Chocolate Chip,1013,5065.0,2026.0,3039.0,2020-01-12,2020,60.0,5.0
Philippines,Chocolate Chip,278,1390.0,556.0,834.0,2020-01-02,2020,60.0,5.0
Philippines,Chocolate Chip,1158,5790.0,2316.0,3474.0,2020-01-03,2020,60.0,5.0
Philippines,Chocolate Chip,1085,5425.0,2170.0,3255.0,2020-01-10,2020,60.0,5.0
Philippines,Chocolate Chip,1175,5875.0,2350.0,3525.0,2020-01-10,2020,60.0,5.0
Philippines,Fortune Cookie,921,921.0,184.2,736.8,2020-01-03,2020,80.0,1.0
Philippines,Fortune Cookie,1545,1545.0,309.0,1236.0,2020-01-06,2020,80.0,1.0
Philippines,Fortune Cookie,2146,2146.0,429.2,1716.8,2020-01-09,2020,80.0,1.0
Philippines,Fortune Cookie,1958,1958.0,391.6,1566.4,2020-01-02,2020,80.0,1.0
Philippines,Fortune Cookie,1706,1706.0,341.2,1364.8,2020-01-12,2020,80.0,1.0
Philippines,Fortune Cookie,1859,1859.0,371.8,1487.2,2020-01-08,2020,80.0,1.0
Philippines,Fortune Cookie,2021,2021.0,404.2,1616.8,2020-01-10,2020,80.0,1.0
Philippines,Fortune Cookie,2342,2342.0,468.4,1873.6,2020-01-11,2020,80.0,1.0
Philippines,Fortune Cookie,1460,1460.0,292.0,1168.0,2020-01-05,2020,80.0,1.0
Philippines,Fortune Cookie,645,645.0,129.0,516.0,2020-01-07,2020,80.0,1.0
Philippines,Fortune Cookie,711,711.0,142.2,568.8,2020-01-12,2020,80.0,1.0
Philippines,Fortune Cookie,766,766.0,153.2,612.8,2020-01-01,2020,80.0,1.0
Philippines,Fortune Cookie,1199,1199.0,239.8,959.2,2020-01-04,2020,80.0,1.0
Philippines,Oatmeal Raisin,4220,21100.0,9284.0,11816.0,2020-01-04,2020,56.0,5.0
Philippines,Oatmeal Raisin,1686,8430.0,3709.2,4720.8,2020-01-07,2020,56.0,5.0
Philippines,Oatmeal Raisin,259,1295.0,569.8,725.2,2020-01-03,2020,56.0,5.0
Philippines,Oatmeal Raisin,2276,11380.0,5007.2,6372.8,2020-01-05,2020,56.0,5.0
Philippines,Oatmeal Raisin,1907,9535.0,4195.4,5339.6,2020-01-09,2020,56.0,5.0
Philippines,Oatmeal Raisin,1350,6750.0,2970.0,3780.0,2020-01-02,2020,56.0,5.0
Philippines,Oatmeal Raisin,1250,6250.0,2750.0,3500.0,2020-01-12,2020,56.0,5.0
Philippines,Oatmeal Raisin,1366,6830.0,3005.2,3824.8,2020-01-06,2020,56.0,5.0
Philippines,Oatmeal Raisin,1520,7600.0,3344.0,4256.0,2020-01-11,2020,56.0,5.0
Philippines,Oatmeal Raisin,711,3555.0,1564.2,1990.8,2020-01-12,2020,56.0,5.0
Philippines,Oatmeal Raisin,2574,12870.0,5662.8,7207.2,2020-01-08,2020,56.0,5.0
Philippines,Oatmeal Raisin,472,2360.0,1038.4,1321.6,2020-01-10,2020,56.0,5.0
Philippines,Oatmeal Raisin,3165,15825.0,6963.0,8862.0,2020-01-01,2020,56.0,5.0
Philippines,Snickerdoodle,1321,5284.0,1981.5,3302.5,2020-01-01,2020,62.5,4.0
Philippines,Snickerdoodle,888,3552.0,1332.0,2220.0,2020-01-06,2020,62.5,4.0
Philippines,Snickerdoodle,1513,6052.0,2269.5,3782.5,2020-01-12,2020,62.5,4.0
Philippines,Snickerdoodle,2580,10320.0,3870.0,6450.0,2020-01-04,2020,62.5,4.0
Philippines,Snickerdoodle,689,2756.0,1033.5,1722.5,2020-01-06,2020,62.5,4.0
Philippines,Snickerdoodle,2021,8084.0,3031.5,5052.5,2020-01-10,2020,62.5,4.0
Philippines,Snickerdoodle,1116,4464.0,1674.0,2790.0,2020-01-02,2020,62.5,4.0
Philippines,Snickerdoodle,663,2652.0,994.5,1657.5,2020-01-05,2020,62.5,4.0
Philippines,Snickerdoodle,1580,6320.0,2370.0,3950.0,2020-01-09,2020,62.5,4.0
Philippines,Snickerdoodle,792,3168.0,1188.0,1980.0,2020-01-03,2020,62.5,4.0
Philippines,Snickerdoodle,2811,11244.0,4216.5,7027.5,2020-01-07,2020,62.5,4.0
Philippines,Snickerdoodle,280,1120.0,420.0,700.0,2020-01-12,2020,62.5,4.0
Philippines,Snickerdoodle,1513,6052.0,2269.5,3782.5,2020-01-11,2020,62.5,4.0
Philippines,Snickerdoodle,2767,11068.0,4150.5,6917.5,2020-01-08,2020,62.5,4.0
Philippines,Snickerdoodle,1085,4340.0,1627.5,2712.5,2020-01-10,2020,62.5,4.0
Philippines,Sugar,2838,8514.0,3547.5,4966.5,2020-01-04,2020,58.33,3.0
Philippines,Sugar,888,2664.0,1110.0,1554.0,2020-01-06,2020,58.33,3.0
Philippines,Sugar,263,789.0,328.75,460.25,2020-01-03,2020,58.33,3.0
Philippines,Sugar,986,2958.0,1232.5,1725.5,2020-01-09,2020,58.33,3.0
Philippines,Sugar,2877,8631.0,3596.25,5034.75,2020-01-10,2020,58.33,3.0
Philippines,Sugar,1570,4710.0,1962.5,2747.5,2020-01-06,2020,58.33,3.0
Philippines,Sugar,2479,7437.0,3098.75,4338.25,2020-01-01,2020,58.33,3.0
Philippines,Sugar,2338,7014.0,2922.5,4091.5,2020-01-06,2020,58.33,3.0
Philippines,Sugar,422,1266.0,527.5,738.5,2020-01-08,2020,58.33,3.0
Philippines,Sugar,2659,7977.0,3323.75,4653.25,2020-01-02,2020,58.33,3.0
Philippines,Sugar,880,2640.0,1100.0,1540.0,2020-01-05,2020,58.33,3.0
Philippines,Sugar,360,1080.0,450.0,630.0,2020-01-10,2020,58.33,3.0
Philippines,Sugar,1531,4593.0,1913.75,2679.25,2020-01-12,2020,58.33,3.0
Philippines,Sugar,280,840.0,350.0,490.0,2020-01-12,2020,58.33,3.0
Philippines,Sugar,492,1476.0,615.0,861.0,2020-01-07,2020,58.33,3.0
Philippines,Sugar,1175,3525.0,1468.75,2056.25,2020-01-10,2020,58.33,3.0
Philippines,Sugar,552,1656.0,690.0,966.0,2020-01-11,2020,58.33,3.0
Philippines,White Chocolate Macadamia Nut,2161,12966.0,5942.75,7023.25,2020-01-03,2020,54.17,6.0
Philippines,White Chocolate Macadamia Nut,1006,6036.0,2766.5,3269.5,2020-01-06,2020,54.17,6.0
Philippines,White Chocolate Macadamia Nut,1545,9270.0,4248.75,5021.25,2020-01-06,2020,54.17,6.0
Philippines,White Chocolate Macadamia Nut,2877,17262.0,7911.75,9350.25,2020-01-10,2020,54.17,6.0
Philippines,White Chocolate Macadamia Nut,807,4842.0,2219.25,2622.75,2020-01-02,2020,54.17,6.0
Philippines,White Chocolate Macadamia Nut,1250,7500.0,3437.5,4062.5,2020-01-12,2020,54.17,6.0
Philippines,White Chocolate Macadamia Nut,1530,9180.0,4207.5,4972.5,2020-01-05,2020,54.17,6.0
Philippines,White Chocolate Macadamia Nut,1001,6006.0,2752.75,3253.25,2020-01-08,2020,54.17,6.0
Philippines,White Chocolate Macadamia Nut,2087,12522.0,5739.25,6782.75,2020-01-09,2020,54.17,6.0
Philippines,White Chocolate Macadamia Nut,2338,14028.0,6429.5,7598.5,2020-01-06,2020,54.17,6.0
Philippines,White Chocolate Macadamia Nut,1307,7842.0,3594.25,4247.75,2020-01-07,2020,54.17,6.0
Philippines,White Chocolate Macadamia Nut,681,4086.0,1872.75,2213.25,2020-01-01,2020,54.17,6.0
Philippines,White Chocolate Macadamia Nut,510,3060.0,1402.5,1657.5,2020-01-04,2020,54.17,6.0
Philippines,White Chocolate Macadamia Nut,241,1446.0,662.75,783.25,2020-01-10,2020,54.17,6.0
Philippines,White Chocolate Macadamia Nut,2665,15990.0,7328.75,8661.25,2020-01-11,2020,54.17,6.0
Philippines,White Chocolate Macadamia Nut,472,2832.0,1298.0,1534.0,2020-01-10,2020,54.17,6.0
Philippines,White Chocolate Macadamia Nut,1013,6078.0,2785.75,3292.25,2020-01-12,2020,54.17,6.0
Malaysia,Chocolate Chip,974,4870.0,1948.0,2922.0,2020-01-02,2020,60.0,5.0
Malaysia,Chocolate Chip,883,4415.0,1766.0,2649.0,2020-01-08,2020,60.0,5.0
Malaysia,Chocolate Chip,2472,12360.0,4944.0,7416.0,2020-01-09,2020,60.0,5.0
Malaysia,Chocolate Chip,1823,9115.0,3646.0,5469.0,2020-01-07,2020,60.0,5.0
Malaysia,Chocolate Chip,662,3310.0,1324.0,1986.0,2020-01-06,2020,60.0,5.0
Malaysia,Chocolate Chip,1084,5420.0,2168.0,3252.0,2020-01-12,2020,60.0,5.0
Malaysia,Chocolate Chip,2031,10155.0,4062.0,6093.0,2020-01-10,2020,60.0,5.0
Malaysia,Chocolate Chip,1138,5690.0,2276.0,3414.0,2020-01-12,2020,60.0,5.0
Malaysia,Chocolate Chip,2689,13445.0,5378.0,8067.0,2020-01-10,2020,60.0,5.0
Malaysia,Chocolate Chip,1607,8035.0,3214.0,4821.0,2020-01-04,2020,60.0,5.0
Malaysia,Chocolate Chip,1114,5570.0,2228.0,3342.0,2020-01-03,2020,60.0,5.0
Malaysia,Chocolate Chip,2460,12300.0,4920.0,7380.0,2020-01-06,2020,60.0,5.0
Malaysia,Chocolate Chip,2993,14965.0,5986.0,8979.0,2020-01-09,2020,60.0,5.0
Malaysia,Chocolate Chip,1362,6810.0,2724.0,4086.0,2020-01-12,2020,60.0,5.0
Malaysia,Chocolate Chip,2565,12825.0,5130.0,7695.0,2020-01-01,2020,60.0,5.0
Malaysia,Chocolate Chip,2417,12085.0,4834.0,7251.0,2020-01-01,2020,60.0,5.0
Malaysia,Chocolate Chip,1038,5190.0,2076.0,3114.0,2020-01-06,2020,60.0,5.0
Malaysia,Chocolate Chip,591,2955.0,1182.0,1773.0,2020-01-05,2020,60.0,5.0
Malaysia,Chocolate Chip,1122,5610.0,2244.0,3366.0,2020-01-03,2020,60.0,5.0
Malaysia,Chocolate Chip,1984,9920.0,3968.0,5952.0,2020-01-08,2020,60.0,5.0
Malaysia,Chocolate Chip,886,4430.0,1772.0,2658.0,2020-01-06,2020,60.0,5.0
Malaysia,Chocolate Chip,2156,10780.0,4312.0,6468.0,2020-01-10,2020,60.0,5.0
Malaysia,Chocolate Chip,905,4525.0,1810.0,2715.0,2020-01-10,2020,60.0,5.0
Malaysia,Chocolate Chip,2150,10750.0,4300.0,6450.0,2020-01-11,2020,60.0,5.0
Malaysia,Chocolate Chip,1197,5985.0,2394.0,3591.0,2020-01-11,2020,60.0,5.0
Malaysia,Chocolate Chip,1233,6165.0,2466.0,3699.0,2020-01-12,2020,60.0,5.0
Malaysia,Chocolate Chip,571,2855.0,1142.0,1713.0,2020-01-07,2020,60.0,5.0
Malaysia,Chocolate Chip,260,1300.0,520.0,780.0,2020-01-02,2020,60.0,5.0
Malaysia,Chocolate Chip,2535,12675.0,5070.0,7605.0,2020-01-04,2020,60.0,5.0
Malaysia,Chocolate Chip,2851,14255.0,5702.0,8553.0,2020-01-05,2020,60.0,5.0
Malaysia,Fortune Cookie,2470,2470.0,494.0,1976.0,2020-01-06,2020,80.0,1.0
Malaysia,Fortune Cookie,958,958.0,191.6,766.4,2020-01-08,2020,80.0,1.0
Malaysia,Fortune Cookie,2214,2214.0,442.8,1771.2,2020-01-03,2020,80.0,1.0
Malaysia,Fortune Cookie,690,690.0,138.0,552.0,2020-01-11,2020,80.0,1.0
Malaysia,Fortune Cookie,2031,2031.0,406.2,1624.8,2020-01-10,2020,80.0,1.0
Malaysia,Fortune Cookie,1138,1138.0,227.6,910.4,2020-01-12,2020,80.0,1.0
Malaysia,Fortune Cookie,980,980.0,196.0,784.0,2020-01-04,2020,80.0,1.0
Malaysia,Fortune Cookie,2340,2340.0,468.0,1872.0,2020-01-01,2020,80.0,1.0
Malaysia,Fortune Cookie,2157,2157.0,431.4,1725.6,2020-01-12,2020,80.0,1.0
Malaysia,Fortune Cookie,2420,2420.0,484.0,1936.0,2020-01-09,2020,80.0,1.0
Malaysia,Fortune Cookie,2661,2661.0,532.2,2128.8,2020-01-05,2020,80.0,1.0
Malaysia,Fortune Cookie,604,604.0,120.8,483.2,2020-01-06,2020,80.0,1.0
Malaysia,Fortune Cookie,2255,2255.0,451.0,1804.0,2020-01-07,2020,80.0,1.0
Malaysia,Fortune Cookie,546,546.0,109.2,436.8,2020-01-10,2020,80.0,1.0
Malaysia,Fortune Cookie,1368,1368.0,273.6,1094.4,2020-01-02,2020,80.0,1.0
Malaysia,Oatmeal Raisin,1101,5505.0,2422.2,3082.8,2020-01-03,2020,56.0,5.0
Malaysia,Oatmeal Raisin,1865,9325.0,4103.0,5222.0,2020-01-02,2020,56.0,5.0
Malaysia,Oatmeal Raisin,1074,5370.0,2362.8,3007.2,2020-01-04,2020,56.0,5.0
Malaysia,Oatmeal Raisin,1683,8415.0,3702.6,4712.4,2020-01-07,2020,56.0,5.0
Malaysia,Oatmeal Raisin,1123,5615.0,2470.6,3144.4,2020-01-08,2020,56.0,5.0
Malaysia,Oatmeal Raisin,1679,8395.0,3693.8,4701.2,2020-01-09,2020,56.0,5.0
Malaysia,Oatmeal Raisin,2460,12300.0,5412.0,6888.0,2020-01-06,2020,56.0,5.0
Malaysia,Oatmeal Raisin,635,3175.0,1397.0,1778.0,2020-01-12,2020,56.0,5.0
Malaysia,Oatmeal Raisin,1694,8470.0,3726.8,4743.2,2020-01-11,2020,56.0,5.0
Malaysia,Oatmeal Raisin,1038,5190.0,2283.6,2906.4,2020-01-06,2020,56.0,5.0
Malaysia,Oatmeal Raisin,2039,10195.0,4485.8,5709.2,2020-01-05,2020,56.0,5.0
Malaysia,Oatmeal Raisin,2629,13145.0,5783.8,7361.2,2020-01-01,2020,56.0,5.0
Malaysia,Oatmeal Raisin,2157,10785.0,4745.4,6039.6,2020-01-12,2020,56.0,5.0
Malaysia,Oatmeal Raisin,410,2050.0,902.0,1148.0,2020-01-10,2020,56.0,5.0
Malaysia,Oatmeal Raisin,546,2730.0,1201.2,1528.8,2020-01-10,2020,56.0,5.0
Malaysia,Snickerdoodle,2470,9880.0,3705.0,6175.0,2020-01-06,2020,62.5,4.0
Malaysia,Snickerdoodle,1210,4840.0,1815.0,3025.0,2020-01-03,2020,62.5,4.0
Malaysia,Snickerdoodle,1397,5588.0,2095.5,3492.5,2020-01-10,2020,62.5,4.0
Malaysia,Snickerdoodle,2791,11164.0,4186.5,6977.5,2020-01-11,2020,62.5,4.0
Malaysia,Snickerdoodle,562,2248.0,843.0,1405.0,2020-01-09,2020,62.5,4.0
Malaysia,Snickerdoodle,727,2908.0,1090.5,1817.5,2020-01-02,2020,62.5,4.0
Malaysia,Snickerdoodle,1540,6160.0,2310.0,3850.0,2020-01-08,2020,62.5,4.0
Malaysia,Snickerdoodle,1362,5448.0,2043.0,3405.0,2020-01-12,2020,62.5,4.0
Malaysia,Snickerdoodle,521,2084.0,781.5,1302.5,2020-01-12,2020,62.5,4.0
Malaysia,Snickerdoodle,886,3544.0,1329.0,2215.0,2020-01-06,2020,62.5,4.0
Malaysia,Snickerdoodle,2156,8624.0,3234.0,5390.0,2020-01-10,2020,62.5,4.0
Malaysia,Snickerdoodle,2579,10316.0,3868.5,6447.5,2020-01-04,2020,62.5,4.0
Malaysia,Snickerdoodle,801,3204.0,1201.5,2002.5,2020-01-07,2020,62.5,4.0
Malaysia,Sugar,1397,4191.0,1746.25,2444.75,2020-01-10,2020,58.33,3.0
Malaysia,Sugar,662,1986.0,827.5,1158.5,2020-01-06,2020,58.33,3.0
Malaysia,Sugar,1916,5748.0,2395.0,3353.0,2020-01-04,2020,58.33,3.0
Malaysia,Sugar,1642,4926.0,2052.5,2873.5,2020-01-08,2020,58.33,3.0
Malaysia,Sugar,2689,8067.0,3361.25,4705.75,2020-01-10,2020,58.33,3.0
Malaysia,Sugar,1498,4494.0,1872.5,2621.5,2020-01-06,2020,58.33,3.0
Malaysia,Sugar,2747,8241.0,3433.75,4807.25,2020-01-02,2020,58.33,3.0
Malaysia,Sugar,877,2631.0,1096.25,1534.75,2020-01-11,2020,58.33,3.0
Malaysia,Sugar,521,1563.0,651.25,911.75,2020-01-12,2020,58.33,3.0
Malaysia,Sugar,341,1023.0,426.25,596.75,2020-01-05,2020,58.33,3.0
Malaysia,Sugar,641,1923.0,801.25,1121.75,2020-01-07,2020,58.33,3.0
Malaysia,Sugar,432,1296.0,540.0,756.0,2020-01-09,2020,58.33,3.0
Malaysia,Sugar,554,1662.0,692.5,969.5,2020-01-01,2020,58.33,3.0
Malaysia,Sugar,1233,3699.0,1541.25,2157.75,2020-01-12,2020,58.33,3.0
Malaysia,Sugar,2903,8709.0,3628.75,5080.25,2020-01-03,2020,58.33,3.0
Malaysia,White Chocolate Macadamia Nut,1493,8958.0,4105.75,4852.25,2020-01-01,2020,54.17,6.0
Malaysia,White Chocolate Macadamia Nut,362,2172.0,995.5,1176.5,2020-01-05,2020,54.17,6.0
Malaysia,White Chocolate Macadamia Nut,1084,6504.0,2981.0,3523.0,2020-01-12,2020,54.17,6.0
Malaysia,White Chocolate Macadamia Nut,2861,17166.0,7867.75,9298.25,2020-01-01,2020,54.17,6.0
Malaysia,White Chocolate Macadamia Nut,1498,8988.0,4119.5,4868.5,2020-01-06,2020,54.17,6.0
Malaysia,White Chocolate Macadamia Nut,1333,7998.0,3665.75,4332.25,2020-01-11,2020,54.17,6.0
Malaysia,White Chocolate Macadamia Nut,609,3654.0,1674.75,1979.25,2020-01-08,2020,54.17,6.0
Malaysia,White Chocolate Macadamia Nut,635,3810.0,1746.25,2063.75,2020-01-12,2020,54.17,6.0
Malaysia,White Chocolate Macadamia Nut,245,1470.0,673.75,796.25,2020-01-05,2020,54.17,6.0
Malaysia,White Chocolate Macadamia Nut,2110,12660.0,5802.5,6857.5,2020-01-09,2020,54.17,6.0
Malaysia,White Chocolate Macadamia Nut,2628,15768.0,7227.0,8541.0,2020-01-04,2020,54.17,6.0
Malaysia,White Chocolate Macadamia Nut,1395,8370.0,3836.25,4533.75,2020-01-07,2020,54.17,6.0
Malaysia,White Chocolate Macadamia Nut,905,5430.0,2488.75,2941.25,2020-01-10,2020,54.17,6.0
Malaysia,White Chocolate Macadamia Nut,604,3624.0,1661.0,1963.0,2020-01-06,2020,54.17,6.0
Malaysia,White Chocolate Macadamia Nut,410,2460.0,1127.5,1332.5,2020-01-10,2020,54.17,6.0
Malaysia,White Chocolate Macadamia Nut,1575,9450.0,4331.25,5118.75,2020-01-02,2020,54.17,6.0
Malaysia,White Chocolate Macadamia Nut,500,3000.0,1375.0,1625.0,2020-01-03,2020,54.17,6.0
United States,Chocolate Chip,1143,5715.0,2286.0,3429.0,2020-01-10,2020,60.0,5.0
United States,Chocolate Chip,1514,7570.0,3028.0,4542.0,2020-01-02,2020,60.0,5.0
United States,Chocolate Chip,4493,22465.0,8986.0,13479.0,2020-01-04,2020,60.0,5.0
United States,Chocolate Chip,727,3635.0,1454.0,2181.0,2020-01-06,2020,60.0,5.0
United States,Chocolate Chip,2905,14525.0,5810.0,8715.0,2020-01-11,2020,60.0,5.0
United States,Chocolate Chip,1142,5710.0,2284.0,3426.0,2020-01-06,2020,60.0,5.0
United States,Chocolate Chip,1370,6850.0,2740.0,4110.0,2020-01-07,2020,60.0,5.0
United States,Chocolate Chip,2918,14590.0,5836.0,8754.0,2020-01-05,2020,60.0,5.0
United States,Chocolate Chip,3450,17250.0,6900.0,10350.0,2020-01-07,2020,60.0,5.0
United States,Chocolate Chip,1056,5280.0,2112.0,3168.0,2020-01-09,2020,60.0,5.0
United States,Chocolate Chip,274,1370.0,548.0,822.0,2020-01-12,2020,60.0,5.0
United States,Chocolate Chip,2992,14960.0,5984.0,8976.0,2020-01-03,2020,60.0,5.0
United States,Chocolate Chip,2327,11635.0,4654.0,6981.0,2020-01-05,2020,60.0,5.0
United States,Chocolate Chip,991,4955.0,1982.0,2973.0,2020-01-06,2020,60.0,5.0
United States,Chocolate Chip,602,3010.0,1204.0,1806.0,2020-01-06,2020,60.0,5.0
United States,Chocolate Chip,861,4305.0,1722.0,2583.0,2020-01-10,2020,60.0,5.0
United States,Chocolate Chip,2663,13315.0,5326.0,7989.0,2020-01-12,2020,60.0,5.0
United States,Chocolate Chip,2198,10990.0,4396.0,6594.0,2020-01-08,2020,60.0,5.0
United States,Chocolate Chip,1153,5765.0,2306.0,3459.0,2020-01-10,2020,60.0,5.0
United States,Chocolate Chip,678,3390.0,1356.0,2034.0,2020-01-08,2020,60.0,5.0
United States,Chocolate Chip,3675,18375.0,7350.0,11025.0,2020-01-04,2020,60.0,5.0
United States,Chocolate Chip,2797,13985.0,5594.0,8391.0,2020-01-12,2020,60.0,5.0
United States,Chocolate Chip,973,4865.0,1946.0,2919.0,2020-01-03,2020,60.0,5.0
United States,Chocolate Chip,3495,17475.0,6990.0,10485.0,2020-01-01,2020,60.0,5.0
United States,Chocolate Chip,1439,7195.0,2878.0,4317.0,2020-01-01,2020,60.0,5.0
United States,Chocolate Chip,2641,13205.0,5282.0,7923.0,2020-01-02,2020,60.0,5.0
United States,Chocolate Chip,1767,8835.0,3534.0,5301.0,2020-01-09,2020,60.0,5.0
United States,Chocolate Chip,2914,14570.0,5828.0,8742.0,2020-01-10,2020,60.0,5.0
United States,Chocolate Chip,1177,5885.0,2354.0,3531.0,2020-01-11,2020,60.0,5.0
United States,Chocolate Chip,914,4570.0,1828.0,2742.0,2020-01-12,2020,60.0,5.0
United States,Fortune Cookie,615,615.0,123.0,492.0,2020-01-12,2020,80.0,1.0
United States,Fortune Cookie,2301,2301.0,460.2,1840.8,2020-01-04,2020,80.0,1.0
United States,Fortune Cookie,1142,1142.0,228.4,913.6,2020-01-06,2020,80.0,1.0
United States,Fortune Cookie,1566,1566.0,313.2,1252.8,2020-01-10,2020,80.0,1.0
United States,Fortune Cookie,3627,3627.0,725.4,2901.6,2020-01-07,2020,80.0,1.0
United States,Fortune Cookie,2723,2723.0,544.6,2178.4,2020-01-11,2020,80.0,1.0
United States,Fortune Cookie,1282,1282.0,256.4,1025.6,2020-01-06,2020,80.0,1.0
United States,Fortune Cookie,2797,2797.0,559.4,2237.6,2020-01-12,2020,80.0,1.0
United States,Fortune Cookie,2328,2328.0,465.6,1862.4,2020-01-09,2020,80.0,1.0
United States,Fortune Cookie,2313,2313.0,462.6,1850.4,2020-01-05,2020,80.0,1.0
United States,Fortune Cookie,677,677.0,135.4,541.6,2020-01-03,2020,80.0,1.0
United States,Fortune Cookie,983,983.0,196.6,786.4,2020-01-01,2020,80.0,1.0
United States,Fortune Cookie,1298,1298.0,259.6,1038.4,2020-01-02,2020,80.0,1.0
United States,Oatmeal Raisin,1953,9765.0,4296.6,5468.4,2020-01-04,2020,56.0,5.0
United States,Oatmeal Raisin,2141,10705.0,4710.2,5994.8,2020-01-08,2020,56.0,5.0
United States,Oatmeal Raisin,1143,5715.0,2514.6,3200.4,2020-01-10,2020,56.0,5.0
United States,Oatmeal Raisin,615,3075.0,1353.0,1722.0,2020-01-12,2020,56.0,5.0
United States,Oatmeal Raisin,1236,6180.0,2719.2,3460.8,2020-01-11,2020,56.0,5.0
United States,Oatmeal Raisin,1372,6860.0,3018.4,3841.6,2020-01-12,2020,56.0,5.0
United States,Oatmeal Raisin,1282,6410.0,2820.4,3589.6,2020-01-06,2020,56.0,5.0
United States,Oatmeal Raisin,2907,14535.0,6395.4,8139.6,2020-01-06,2020,56.0,5.0
United States,Oatmeal Raisin,2071,10355.0,4556.2,5798.8,2020-01-09,2020,56.0,5.0
United States,Oatmeal Raisin,579,2895.0,1273.8,1621.2,2020-01-01,2020,56.0,5.0
United States,Oatmeal Raisin,2993,14965.0,6584.6,8380.4,2020-01-03,2020,56.0,5.0
United States,Oatmeal Raisin,3200,16000.0,7040.0,8960.0,2020-01-07,2020,56.0,5.0
United States,Oatmeal Raisin,270,1350.0,594.0,756.0,2020-01-02,2020,56.0,5.0
United States,Oatmeal Raisin,2844,14220.0,6256.8,7963.2,2020-01-05,2020,56.0,5.0
United States,Oatmeal Raisin,2914,14570.0,6410.8,8159.2,2020-01-10,2020,56.0,5.0
United States,Snickerdoodle,1858,7432.0,2787.0,4645.0,2020-01-02,2020,62.5,4.0
United States,Snickerdoodle,2529,10116.0,3793.5,6322.5,2020-01-07,2020,62.5,4.0
United States,Snickerdoodle,1947,7788.0,2920.5,4867.5,2020-01-09,2020,62.5,4.0
United States,Snickerdoodle,274,1096.0,411.0,685.0,2020-01-12,2020,62.5,4.0
United States,Snickerdoodle,991,3964.0,1486.5,2477.5,2020-01-06,2020,62.5,4.0
United States,Snickerdoodle,570,2280.0,855.0,1425.0,2020-01-12,2020,62.5,4.0
United States,Snickerdoodle,1118,4472.0,1677.0,2795.0,2020-01-01,2020,62.5,4.0
United States,Snickerdoodle,2030,8120.0,3045.0,5075.0,2020-01-11,2020,62.5,4.0
United States,Snickerdoodle,1761,7044.0,2641.5,4402.5,2020-01-03,2020,62.5,4.0
United States,Snickerdoodle,3446,13784.0,5169.0,8615.0,2020-01-04,2020,62.5,4.0
United States,Snickerdoodle,2567,10268.0,3850.5,6417.5,2020-01-06,2020,62.5,4.0
United States,Snickerdoodle,1743,6972.0,2614.5,4357.5,2020-01-05,2020,62.5,4.0
United States,Snickerdoodle,1010,4040.0,1515.0,2525.0,2020-01-10,2020,62.5,4.0
United States,Sugar,727,2181.0,908.75,1272.25,2020-01-06,2020,58.33,3.0
United States,Sugar,2844,8532.0,3555.0,4977.0,2020-01-02,2020,58.33,3.0
United States,Sugar,2663,7989.0,3328.75,4660.25,2020-01-12,2020,58.33,3.0
United States,Sugar,570,1710.0,712.5,997.5,2020-01-12,2020,58.33,3.0
United States,Sugar,1153,3459.0,1441.25,2017.75,2020-01-10,2020,58.33,3.0
United States,Sugar,437,1311.0,546.25,764.75,2020-01-07,2020,58.33,3.0
United States,Sugar,1956,5868.0,2445.0,3423.0,2020-01-01,2020,58.33,3.0
United States,Sugar,1352,4056.0,1690.0,2366.0,2020-01-04,2020,58.33,3.0
United States,Sugar,1867,5601.0,2333.75,3267.25,2020-01-09,2020,58.33,3.0
United States,Sugar,2807,8421.0,3508.75,4912.25,2020-01-08,2020,58.33,3.0
United States,Sugar,1579,4737.0,1973.75,2763.25,2020-01-03,2020,58.33,3.0
United States,Sugar,986,2958.0,1232.5,1725.5,2020-01-10,2020,58.33,3.0
United States,Sugar,2387,7161.0,2983.75,4177.25,2020-01-11,2020,58.33,3.0
United States,Sugar,2567,7701.0,3208.75,4492.25,2020-01-06,2020,58.33,3.0
United States,Sugar,2541,7623.0,3176.25,4446.75,2020-01-08,2020,58.33,3.0
United States,Sugar,1010,3030.0,1262.5,1767.5,2020-01-10,2020,58.33,3.0
United States,Sugar,1806,5418.0,2257.5,3160.5,2020-01-05,2020,58.33,3.0
United States,White Chocolate Macadamia Nut,2821,16926.0,7757.75,9168.25,2020-01-08,2020,54.17,6.0
United States,White Chocolate Macadamia Nut,1566,9396.0,4306.5,5089.5,2020-01-10,2020,54.17,6.0
United States,White Chocolate Macadamia Nut,1465,8790.0,4028.75,4761.25,2020-01-03,2020,54.17,6.0
United States,White Chocolate Macadamia Nut,555,3330.0,1526.25,1803.75,2020-01-01,2020,54.17,6.0
United States,White Chocolate Macadamia Nut,602,3612.0,1655.5,1956.5,2020-01-06,2020,54.17,6.0
United States,White Chocolate Macadamia Nut,2832,16992.0,7788.0,9204.0,2020-01-08,2020,54.17,6.0
United States,White Chocolate Macadamia Nut,861,5166.0,2367.75,2798.25,2020-01-10,2020,54.17,6.0
United States,White Chocolate Macadamia Nut,2755,16530.0,7576.25,8953.75,2020-01-02,2020,54.17,6.0
United States,White Chocolate Macadamia Nut,547,3282.0,1504.25,1777.75,2020-01-11,2020,54.17,6.0
United States,White Chocolate Macadamia Nut,1372,8232.0,3773.0,4459.0,2020-01-12,2020,54.17,6.0
United States,White Chocolate Macadamia Nut,2907,17442.0,7994.25,9447.75,2020-01-06,2020,54.17,6.0
United States,White Chocolate Macadamia Nut,790,4740.0,2172.5,2567.5,2020-01-05,2020,54.17,6.0
United States,White Chocolate Macadamia Nut,1596,9576.0,4389.0,5187.0,2020-01-09,2020,54.17,6.0
United States,White Chocolate Macadamia Nut,986,5916.0,2711.5,3204.5,2020-01-10,2020,54.17,6.0
United States,White Chocolate Macadamia Nut,606,3636.0,1666.5,1969.5,2020-01-04,2020,54.17,6.0
United States,White Chocolate Macadamia Nut,2460,14760.0,6765.0,7995.0,2020-01-07,2020,54.17,6.0
United States,White Chocolate Macadamia Nut,914,5484.0,2513.5,2970.5,2020-01-12,2020,54.17,6.0
